Name,Country,Website,Style,Type,Description
Mango,Spain,https://www.mango.com,Trendy / Contemporary,Major Retailer,"Spanish fashion chain offering trendy womenswear, menswear, and accessories. Has a 'Committed' sustainable capsule line."
Hugo Boss,Germany,https://www.hugoboss.com,Premium / Smart Casual,Major Retailer,"Two lines: BOSS (refined, premium) and HUGO (younger, edgier). Strong in formalwear, outerwear, and accessories."
Zalando,Germany,https://www.zalando.com,Multi-brand,Online Marketplace,Europe's largest online fashion platform. Carries hundreds of brands across all price tiers with frequent sales events.
C&A,Germany,https://www.c-and-a.com,Basics / Affordable,Major Retailer,"Affordable everyday basics for the whole family. Wide European presence with over 1,300 stores."
Marks & Spencer,UK,https://www.marksandspencer.com,Classic / Smart Casual,Major Retailer,"British institution known for reliable quality in clothing and food. Strong in knitwear, workwear, and essentials."
Primark,UK,https://www.primark.com,Budget / Fast Fashion,Major Retailer,Ultra-affordable fashion chain. Physical stores only — no online shopping. Great for basics and seasonal pieces.
JD Sports,UK,https://www.jdsports.com,Sportswear / Athleisure,Major Retailer,"Leading sportswear and athleisure retailer. Carries Nike, adidas, Jordan, and own-brand lines across Europe."
Galeries Lafayette,France,https://www.galerieslafayette.com,Multi-brand / Luxury to Mid-range,Department Store,"Iconic French department store offering luxury, mid-range, and emerging designer brands under one roof."
Kiabi,France,https://www.kiabi.com,Affordable / Family,Major Retailer,French affordable family fashion retailer. Budget-friendly with stores across Southern Europe.
Decathlon,France,https://www.decathlon.com,Sportswear / Outdoor,Major Retailer,World's largest sporting goods retailer. Excellent value for sport-fashion crossover and outdoor clothing.
Reserved,Poland,https://www.reserved.com,Trendy / Affordable,Major Retailer,"Part of LPP Group. Fast-growing affordable fashion brand from Poland with modern, on-trend collections."
Bestseller,Denmark,https://www.bestseller.com,Multi-brand / Casual,Major Retailer,"Parent company of Jack & Jones, Vero Moda, ONLY, and SELECTED. Covers casual to smart-casual across price points."
El Corte Inglés,Spain,https://www.elcorteingles.es,Multi-brand / Luxury to Everyday,Department Store,Europe's largest department store group. Carries everything from luxury houses to everyday brands. Famous for seasonal rebajas (sales).
OVS,Italy,https://www.ovs.it,Contemporary / Affordable,Major Retailer,Italy's largest domestic fashion chain. Ranks #1 in Fashion Transparency Index. Affordable Italian style.
G-Star RAW,Netherlands,https://www.g-star.com,Denim / Streetwear,Major Retailer,Dutch denim brand known for innovative cuts and raw denim. Urban aesthetic with a sustainability push.
Massimo Dutti,Spain,https://www.massimodutti.com,Premium / Smart Casual,Major Retailer,"Part of Inditex group. Premium casual and formalwear with a polished, understated European aesthetic."
COS,Sweden,https://www.cos.com,Minimalist / Contemporary,Mid-Range Retailer,"H&M Group subsidiary. Minimalist design, higher quality fabrics. Growing sustainable collections. To evaluate."
ARKET,Sweden,https://www.arket.com,Modern Essentials,Mid-Range Retailer,H&M Group subsidiary. Transparent about factories and materials. Nordic-inspired modern essentials. To evaluate.
& Other Stories,Sweden,https://www.stories.com,Trend-driven / Feminine,Mid-Range Retailer,"H&M Group subsidiary. Trend-driven with responsible material sourcing. Designed in Paris, Stockholm, and LA. To evaluate."
ARMEDANGELS,Germany,https://www.armedangels.com,Casual / Basics,Sustainable Brand,GOTS & Fairtrade certified. Known for 'Detox Denim'. One of Europe's leading sustainable fashion labels.
Jan 'n June,Germany,https://www.jannjune.com,Contemporary / Minimalist,Sustainable Brand,"Hamburg-based. Transparent supply chain using organic cotton, TENCEL, and recycled materials."
hessnatur,Germany,https://www.hessnatur.com,Classic / Natural,Sustainable Brand,Pioneer in organic textiles since 1976. Natural fibers and timeless designs for the whole family.
LANIUS,Germany,https://www.lanius.com,Minimalist / Womenswear,Sustainable Brand,"Cologne-based minimalist sustainable womenswear. Uses organic, recycled, and innovative eco-materials."
Veja,France,https://www.veja-store.com,Sneakers / Footwear,Sustainable Brand,"Iconic sustainable sneaker brand. Uses organic cotton, wild rubber from the Amazon, and recycled materials."
Ekyog,France,https://www.ekyog.com,Ethical / Womenswear,Sustainable Brand,French ethical womenswear label. Focuses on organic and eco-friendly fabrics with feminine designs.
1083,France,https://www.1083.fr,Denim / Basics,Sustainable Brand,"All production within 1,083 km — entirely made in France. Specializes in jeans and sneakers."
Picture Organic Clothing,France,https://www.picture-organic-clothing.com,Outdoor / Activewear,Sustainable Brand,Outdoor and ski/surf wear made from recycled and organic materials. B Corp certified.
MUD Jeans,Netherlands,https://www.mudjeans.eu,Denim / Circular,Sustainable Brand,"Circular denim brand — you can lease jeans, return, and they recycle them into new pairs."
Kuyichi Pure Goods,Netherlands,https://www.kuyichi.com,Denim / Basics,Sustainable Brand,Sustainable denim and basics. Uses organic cotton and recycled materials since 2001.
Kings of Indigo,Netherlands,https://www.kingsofindigo.com,Denim / Casual,Sustainable Brand,"Ethical denim brand using organic, recycled, and innovative fibers. Part of the circular fashion movement."
People Tree,UK,https://www.peopletree.co.uk,Fair Trade / Womenswear,Sustainable Brand,Fairtrade fashion pioneer since 1991. Works with artisan groups in developing countries.
Finisterre,UK,https://www.finisterre.com,Outdoor / Surf,Sustainable Brand,Sustainable outdoor and surf wear from Cornwall. Uses recycled ocean waste and organic materials.
Mother of Pearl,UK,https://www.motherofpearl.co.uk,Luxury / Contemporary,Sustainable Brand,London-based sustainable luxury. Transparent supply chain with a focus on responsible sourcing.
Thought,UK,https://www.thoughtclothing.com,Casual / Natural Fibers,Sustainable Brand,"Formerly Braintree. Uses hemp, bamboo, organic cotton, and TENCEL for comfortable everyday wear."
Ecoalf,Spain,https://www.ecoalf.com,Casual / Urban,Sustainable Brand,"Makes clothing from recycled ocean waste — fishing nets, plastic bottles, tires. 'Because there is no planet B.'"
SKFK,Spain,https://www.skfk.com,Contemporary / Womenswear,Sustainable Brand,Basque circular fashion brand. Focuses on ethical production and eco-friendly materials.
Thinking MU,Spain,https://www.thinkingmu.com,Streetwear / Organic,Sustainable Brand,Barcelona-based organic and recycled streetwear. Bold prints and relaxed silhouettes.
Nudie Jeans,Sweden,https://www.nudiejeans.com,Denim / Casual,Sustainable Brand,100% organic cotton denim. Offers free lifetime repairs at their repair shops across Europe.
ISTO.,Portugal,https://www.isto.pt,Minimalist / Essentials,Sustainable Brand,"Lisbon-based. Transparent pricing, organic materials, and local Portuguese production."
Lucid Collective,Belgium,https://www.lucid-collective.eu,Contemporary / Social,Sustainable Brand,Uses recycled materials. Made in Belgian social workshops providing employment to vulnerable communities.
Stella McCartney,Italy,https://www.stellamccartney.com,Luxury / Cruelty-free,Sustainable Brand,"Luxury fashion house. No leather, fur, or feathers. Pioneering sustainable luxury since 2001."
EKN,Germany,https://www.efraimknight.com,Sneakers / Sustainable,Sustainable Sneaker Brand,Berlin-based. Sneakers handcrafted by Portuguese artisans using sustainable materials.
Flamingos Life,Spain,https://www.flamingoslife.com,Sneakers / Vegan,Sustainable Sneaker Brand,"Vegan sneakers made from recycled materials. Colorful, fun designs with a sustainability mission."
LØCI,UK,https://www.lfroci.com,Sneakers / Luxury Sustainable,Sustainable Sneaker Brand,Sustainable luxury sneakers using bio-based and recycled materials.
Foot Locker,EU-wide,https://www.footlocker.eu,Sneakers / Sportswear,Streetwear & Sneaker Retailer,Biggest sneaker retail chain in Europe. Carries all major sneaker brands and exclusives.
SNS (Sneakersnstuff),Sweden,https://www.sneakersnstuff.com,Sneakers / Curated Streetwear,Streetwear & Sneaker Retailer,Stockholm-based premium sneaker and streetwear destination. Known for collaborations and limited drops.
Solebox,Germany,https://www.solebox.com,Sneakers / Streetwear,Streetwear & Sneaker Retailer,"Berlin-based sneaker boutique with stores in Munich, Amsterdam, Vienna, and Brussels."
Overkill,Germany,https://www.overkillshop.com,Sneakers / Streetwear,Streetwear & Sneaker Retailer,Berlin sneaker culture since 2003. Curated selection with up to 70% off sales.
Footshop,Czech Republic,https://www.footshop.eu,Sneakers / Streetwear,Streetwear & Sneaker Retailer,"Central/Eastern Europe focused. Stores in Prague, Bratislava, Budapest, and Bucharest."
Asphaltgold,Germany,https://www.asphaltgold.com,Sneakers / Curated,Streetwear & Sneaker Retailer,Darmstadt-based curated sneaker shop. Known for quality picks and exclusive releases.
Footpatrol,UK / France,https://www.footpatrol.com,Sneakers / Streetwear,Streetwear & Sneaker Retailer,"London and Paris locations. Specialist in hidden gems, collabs, and limited editions."
Patta,Netherlands,https://www.patta.nl,Streetwear / Sneakers,Streetwear & Sneaker Retailer,Amsterdam streetwear institution. Own-brand clothing plus curated sneakers and collabs.
size?,UK,https://www.size.co.uk,Sneakers / Streetwear,Streetwear & Sneaker Retailer,Major UK sneaker retailer with exclusive colourways and collaborations.
FOOT DISTRICT,Spain,https://www.footdistrict.com,Sneakers / Streetwear,Streetwear & Sneaker Retailer,Spanish streetwear and sneaker boutique. Curated selection of premium brands.
One Block Down,Italy,https://www.oneblockdown.it,Premium Streetwear,Streetwear & Sneaker Retailer,"Milan and Rome based. Premium streetwear, sneakers, and lifestyle products."
KLEKT,Germany,https://www.klekt.com,Sneakers / Resale Marketplace,Streetwear & Sneaker Retailer,European sneaker marketplace for authentic sneakers. Both new releases and resale.
END. Clothing,UK,https://www.endclothing.com,Streetwear / Designer,Streetwear & Sneaker Retailer,Newcastle-based. Over 400 brands from streetwear to luxury. Major online destination for sneakers.
BSTN,Germany,https://www.bstn.com,Sneakers / Streetwear,Streetwear & Sneaker Retailer,"Munich-based. Great for sneaker raffles, limited drops, and premium streetwear brands."
Slam Jam,Italy,https://www.slamjam.com,Streetwear / Cultural,Streetwear & Sneaker Retailer,Ferrara-based cultural institution since 1989. First to bring Stussy to Europe. Curated streetwear and collabs.
AFEW,Germany,https://www.afew-store.com,Sneakers / Curated,Streetwear & Sneaker Retailer,Dusseldorf boutique specializing in curated sneaker collaborations and limited releases.
Naked Copenhagen,Denmark,https://www.nakedcph.com,Women's Sneakers / Streetwear,Streetwear & Sneaker Retailer,World's leading women's sneaker store. Copenhagen-based with curated feminine streetwear.
Titolo,Switzerland,https://www.titolo.ch,Sneakers / Premium,Streetwear & Sneaker Retailer,Zurich-based premium sneaker boutique. Known for exclusive releases and Swiss precision curation.
Back-door,Italy,https://www.back-door.it,Streetwear / Sneakers,Streetwear & Sneaker Retailer,Italian streetwear favourite with a loyal following for curated drops and brands.
Norse Store,Denmark,https://www.norsestore.com,Scandinavian Minimalism / Streetwear,Streetwear & Sneaker Retailer,Copenhagen-based. Scandinavian minimalism meets streetwear. Carries Norse Projects and curated brands.
Rezet Store,Denmark,https://www.rezet.dk,Sneakers / Casual,Streetwear & Sneaker Retailer,Copenhagen sneaker shop with a wide selection of mainstream and limited releases.
Maha Amsterdam,Netherlands,https://www.maha-amsterdam.com,Women's Streetwear,Streetwear & Sneaker Retailer,Amsterdam-based women-focused streetwear curation. Unique picks from global and European brands.
Freshcotton,Netherlands,https://www.freshcotton.com,Streetwear / Casual,Streetwear & Sneaker Retailer,Amsterdam-based streetwear retailer carrying a broad mix of brands and sneakers.
Drip Drops,Netherlands,https://www.dripdrops.eu,Limited Sneakers,Streetwear & Sneaker Retailer,"Dutch retailer focused on limited sneakers — Nike, Jordan, Yeezy, Supreme drops."
Wood Wood,Denmark,https://www.woodwood.com,Streetwear / Contemporary,Streetwear & Sneaker Retailer,Copenhagen streetwear brand and retail store. Known for graphic design-led collections and collabs.
Sneak,Netherlands,https://www.sneak.eu,Sneakers,Streetwear & Sneaker Retailer,Authentic sneakers with fast EU-wide shipping. Straightforward sneaker retail.
Sneaker District,Belgium,https://www.sneakerdistrict.com,Sneakers,Streetwear & Sneaker Retailer,Antwerp-based sneaker boutique. Curated selection of premium and limited sneaker releases.
Mytheresa,Germany,https://www.mytheresa.com,Luxury / Curated,Luxury Platform,"Curated luxury with 250+ brands like Gucci, Prada, Loewe. Major seasonal sales up to 70% off."
NET-A-PORTER,UK,https://www.net-a-porter.com,Luxury / Womenswear,Luxury Platform,The original luxury fashion e-commerce. Editorial approach to womenswear with excellent sales events.
MR PORTER,UK,https://www.mrporter.com,Luxury / Menswear,Luxury Platform,"NET-A-PORTER's menswear counterpart. Premium fashion, grooming, and lifestyle for men."
THE OUTNET,UK,https://www.theoutnet.com,Luxury / Discount,Luxury Platform,350+ luxury brands at permanent discount — previous season stock up to 70% off. Treasure hunting for deals.
YOOX,Italy,https://www.yoox.com,Off-season Designer,Luxury Platform,"Off-season designer pieces at deep discounts. Huge catalogue, treasure-hunting vibe for unique finds."
LuisaViaRoma,Italy,https://www.luisaviaroma.com,Luxury / Multi-brand,Luxury Platform,"Florence-based, 600+ brands. Known for generous popup discount codes (40-50% off) and curated luxury."
24S,France,https://www.24s.com,Luxury / LVMH,Luxury Platform,"LVMH's own online store — exclusive access to Dior, Louis Vuitton, Celine, and other LVMH houses."
SSENSE,Canada / EU shipping,https://www.ssense.com,Luxury / Streetwear Crossover,Luxury Platform,Montreal-based but huge in Europe. Bridges luxury and streetwear. Legendary end-of-season sales.
Farfetch,Portugal,https://www.farfetch.com,Luxury / Boutique Network,Luxury Platform,"Connects 1,300+ luxury boutiques worldwide into one platform. Buy from independent stores globally."
Acne Studios,Sweden,https://www.acnestudios.com,Minimalist / Contemporary,Scandinavian Designer Brand,"Stockholm icon — started with 100 pairs of raw denim, now a global minimalist powerhouse."
Ganni,Denmark,https://www.ganni.com,Playful / Scandi Cool,Scandinavian Designer Brand,Copenhagen's most exported brand. Playful Scandinavian style with a massive cult following worldwide.
Norse Projects,Denmark,https://www.norseprojects.com,Minimalist / Streetwear,Scandinavian Designer Brand,"Peak minimalism meets streetwear. Quality, simplicity, and everyday functionality from Copenhagen."
Filling Pieces,Netherlands,https://www.fillingpieces.com,Sneakers / High Fashion Streetwear,Scandinavian Designer Brand,"Amsterdam-based, bridges streetwear and high fashion. Premium sneakers and ready-to-wear."
Our Legacy,Sweden,https://www.ourlegacy.com,Contemporary / Archival,Scandinavian Designer Brand,"Swedish brand redefining contemporary menswear with archival textures, unique silhouettes and fabrics."
Samsoe Samsoe,Denmark,https://www.samsoe.com,Essentials / Scandi Aesthetic,Scandinavian Designer Brand,"Danish wardrobe essentials — clean, accessible Scandinavian aesthetic for everyday wear."
Vinted,Lithuania,https://www.vinted.com,Resale / All Styles,Resale Platform,Europe's #1 resale marketplace with 19% market share. Peer-to-peer selling of pre-owned fashion.
Vestiaire Collective,France,https://www.vestiairecollective.com,Luxury Resale,Resale Platform,"Luxury resale with authentication service. Find authenticated Hermes, Chanel, and designer pieces."
Depop,UK,https://www.depop.com,Vintage / Gen-Z Streetwear,Resale Platform,"Gen-Z focused resale platform. Strong for vintage, Y2K, and streetwear finds."
Beyond Retro,Sweden / UK,https://www.beyondretro.com,Curated Vintage,Resale Platform,Curated vintage clothing. Physical stores in UK and Nordics plus online shop.
BYBORRE,Netherlands,https://www.byborre.com,Textile Innovation / Techwear,Niche / Innovation Brand,Not just a brand — a textile innovation studio. Pushes the boundaries of fabric technology and design.
